,0
0,A
1,AA
2,AAC
3,AACG
4,AACI
5,AACIW
6,AADI
7,AAIC
8,AAIC^B
9,AAIC^C
10,AAIN
11,AAL
12,AAM^A
13,AAM^B
14,AAMC
15,AAME
16,AAN
17,AAOI
18,AAON
19,AAP
20,AAPL
21,AAQC
22,AAT
23,AATC
24,AAU
25,AAWW
26,AB
27,ABB
28,ABBV
29,ABC
30,ABCB
31,ABCL
32,ABCM
33,ABEO
34,ABEV
35,ABG
36,ABGI
37,ABIO
38,ABM
39,ABMD
40,ABNB
41,ABOS
42,ABR
43,ABR^D
44,ABR^E
45,ABR^F
46,ABSI
47,ABST
48,ABT
49,ABTX
50,ABUS
51,ABVC
52,AC
53,ACA
54,ACAB
55,ACABU
56,ACAD
57,ACAH
58,ACAHW
59,ACAQ
60,ACAX
61,ACAXR
62,ACAXU
63,ACB
64,ACBA
65,ACBAW
66,ACC
67,ACCD
68,ACCO
69,ACEL
70,ACER
71,ACET
72,ACEV
73,ACEVU
74,ACEVW
75,ACGL
76,ACGLN
77,ACGLO
78,ACH
79,ACHC
80,ACHL
81,ACHR
82,ACHV
83,ACI
84,ACII
85,ACIU
86,ACIW
87,ACKIT
88,ACKIU
89,ACKIW
90,ACLS
91,ACLX
92,ACM
93,ACMR
94,ACN
95,ACNB
96,ACON
97,ACONW
98,ACOR
99,ACP
100,ACP^A
101,ACQR
102,ACQRU
103,ACQRW
104,ACR
105,ACR^C
106,ACR^D
107,ACRE
108,ACRO
109,ACRS
110,ACRX
111,ACST
112,ACT
113,ACTD
114,ACTDU
115,ACTDW
116,ACTG
117,ACU
118,ACV
119,ACVA
120,ACXP
121,ADAG
122,ADAL
123,ADALU
124,ADALW
125,ADAP
126,ADBE
127,ADC
128,ADC^A
129,ADCT
130,ADER
131,ADERU
132,ADERW
133,ADES
134,ADEX
135,ADGI
136,ADI
137,ADIL
138,ADM
139,ADMA
140,ADMP
141,ADN
142,ADNT
143,ADNWW
144,ADOC
145,ADOCR
146,ADOCW
147,ADP
148,ADPT
149,ADRA
150,ADRT
151,ADSE
152,ADSEW
153,ADSK
154,ADT
155,ADTH
156,ADTHW
157,ADTN
158,ADTX
159,ADUS
160,ADV
161,ADVM
162,ADVWW
163,ADX
164,ADXN
165,AE
166,AEAC
167,AEACU
168,AEACW
169,AEAE
170,AEAEU
171,AEAEW
172,AEE
173,AEF
174,AEFC
175,AEG
176,AEHA
177,AEHAW
178,AEHL
179,AEHR
180,AEI
181,AEIS
182,AEL
183,AEL^A
184,AEL^B
185,AEM
186,AEMD
187,AENZ
188,AEO
189,AEP
190,AEPPZ
191,AER
192,AERC
193,AERI
194,AES
195,AESC
196,AESE
197,AEVA
198,AEY
199,AEYE
200,AEZS
201,AFAC
202,AFACU
203,AFACW
204,AFAQ
205,AFAQU
206,AFAQW
207,AFARU
208,AFB
209,AFBI
210,AFCG
211,AFG
212,AFGB
213,AFGC
214,AFGD
215,AFGE
216,AFI
217,AFIB
218,AFL
219,AFMD
220,AFRM
221,AFT
222,AFTR
223,AFYA
224,AG
225,AGAC
226,AGBA
227,AGBAR
228,AGBAW
229,AGCB
230,AGCO
231,AGD
232,AGE
233,AGEN
234,AGFS
235,AGFY
236,AGGR
237,AGGRU
238,AGGRW
239,AGI
240,AGIL
241,AGILW
242,AGIO
243,AGL
244,AGLE
245,AGM
246,AGM^C
247,AGM^D
248,AGM^E
249,AGM^F
250,AGM^G
251,AGMH
252,AGNC
253,AGNCM
254,AGNCN
255,AGNCO
256,AGNCP
257,AGO
258,AGR
259,AGRI
260,AGRIW
261,AGRO
262,AGRX
263,AGS
264,AGTC
265,AGTI
266,AGX
267,AGYS
268,AHCO
269,AHG
270,AHH
271,AHH^A
272,AHI
273,AHL^C
274,AHL^D
275,AHL^E
276,AHPA
277,AHPAU
278,AHPAW
279,AHPI
280,AHRN
281,AHT
282,AHT^D
283,AHT^F
284,AHT^G
285,AHT^H
286,AHT^I
287,AI
288,AIB
289,AIBBR
290,AIC
291,AIF
292,AIG
293,AIG^A
294,AIH
295,AIHS
296,AIKI
297,AIM
298,AIMAU
299,AIMC
300,AIN
301,AINC
302,AINV
303,AIO
304,AIP
305,AIR
306,AIRC
307,AIRG
308,AIRI
309,AIRS
310,AIRT
311,AIRTP
312,AIT
313,AIU
314,AIV
315,AIZ
316,AIZN
317,AJG
318,AJRD
319,AJX
320,AJXA
321,AKA
322,AKAM
323,AKAN
324,AKBA
325,AKIC
326,AKICU
327,AKICW
328,AKO/A
329,AKO/B
330,AKR
331,AKRO
332,AKTS
333,AKTX
334,AKU
335,AKUS
336,AKYA
337,AL
338,AL^A
339,ALB
340,ALBO
341,ALC
342,ALCC
343,ALCO
344,ALDX
345,ALE
346,ALEC
347,ALEX
348,ALF
349,ALFIW
350,ALG
351,ALGM
352,ALGN
353,ALGS
354,ALGT
355,ALHC
356,ALIM
357,ALIN^A
358,ALIN^B
359,ALIN^E
360,ALIT
361,ALJJ
362,ALK
363,ALKS
364,ALKT
365,ALL
366,ALL^B
367,ALL^G
368,ALL^H
369,ALL^I
370,ALLE
371,ALLG
372,ALLK
373,ALLO
374,ALLR
375,ALLT
376,ALLY
377,ALNA
378,ALNY
379,ALORU
380,ALORW
381,ALOT
382,ALP^Q
383,ALPA
384,ALPAU
385,ALPAW
386,ALPN
387,ALPP
388,ALR
389,ALRM
390,ALRN
391,ALRS
392,ALSA
393,ALSAR
394,ALSAU
395,ALSAW
396,ALSN
397,ALT
398,ALTG
399,ALTG^A
400,ALTO
401,ALTR
402,ALTU
403,ALTUU
404,ALTUW
405,ALV
406,ALVR
407,ALX
408,ALXO
409,ALYA
410,ALZN
411,AM
412,AMAL
413,AMAM
414,AMAO
415,AMAOU
416,AMAOW
417,AMAT
418,AMBA
419,AMBC
420,AMBO
421,AMBP
422,AMC
423,AMCI
424,AMCIU
425,AMCIW
426,AMCR
427,AMCX
428,AMD
429,AME
430,AMED
431,AMEH
432,AMG
433,AMGN
434,AMH
435,AMH^G
436,AMH^H
437,AMK
438,AMKR
439,AMLX
440,AMN
441,AMNB
442,AMOT
443,AMOV
444,AMP
445,AMPE
446,AMPG
447,AMPGW
448,AMPH
449,AMPI
450,AMPL
451,AMPS
452,AMPY
453,AMR
454,AMRC
455,AMRK
456,AMRN
457,AMRS
458,AMRX
459,AMS
460,AMSC
461,AMSF
462,AMST
463,AMSWA
464,AMT
465,AMTB
466,AMTD
467,AMTI
468,AMTX
469,AMWD
470,AMWL
471,AMX
472,AMYT
473,AMZN
474,AN
475,ANAB
476,ANAC
477,ANAT
478,ANDE
479,ANEB
480,ANET
481,ANF
482,ANGH
483,ANGHW
484,ANGI
485,ANGN
486,ANGO
487,ANIK
488,ANIP
489,ANIX
490,ANNX
491,ANPC
492,ANSS
493,ANTE
494,ANTM
495,ANTX
496,ANVS
497,ANY
498,ANZU
499,ANZUU
500,ANZUW
501,AOD
502,AOGO
503,AOGOW
504,AOMR
505,AON
506,AORT
507,AOS
508,AOSL
509,AOUT
510,AP
511,APA
512,APAC
513,APACU
514,APACW
515,APAM
516,APCA
517,APCX
518,APCXW
519,APD
520,APDN
521,APEI
522,APEN
523,APG
524,APGB
525,APH
526,API
527,APLD
528,APLE
529,APLS
530,APLT
531,APM
532,APMI
533,APMIU
534,APMIW
535,APN
536,APO
537,APOG
538,APP
539,APPF
540,APPH
541,APPHW
542,APPN
543,APPS
544,APRE
545,APRN
546,APSG
547,APT
548,APTMW
549,APTO
550,APTS
551,APTV
552,APTV^A
553,APTX
554,APVO
555,APWC
556,APXI
557,APXIU
558,APXIW
559,APYX
560,AQB
561,AQMS
562,AQN
563,AQNA
564,AQNB
565,AQNU
566,AQST
567,AQUA
568,AR
569,ARAV
570,ARAY
571,ARBE
572,ARBEW
573,ARBG
574,ARBGU
575,ARBGW
576,ARBK
577,ARBKL
578,ARC
579,ARCB
580,ARCC
581,ARCE
582,ARCH
583,ARCK
584,ARCKU
585,ARCKW
586,ARCO
587,ARCT
588,ARDC
589,ARDS
590,ARDX
591,ARE
592,AREB
593,AREBW
594,AREC
595,AREN
596,ARES
597,ARGD
598,ARGO
599,ARGO^A
600,ARGU
601,ARGUW
602,ARGX
603,ARHS
604,ARI
605,ARIS
606,ARIZ
607,ARIZR
608,ARIZU
609,ARIZW
610,ARKO
611,ARKOW
612,ARKR
613,ARL
614,ARLO
615,ARLP
616,ARMK
617,ARMP
618,ARNC
619,AROC
620,AROW
621,ARQQ
622,ARQQW
623,ARQT
624,ARR
625,ARR^C
626,ARRW
627,ARRWU
628,ARRWW
629,ARRY
630,ARTA
631,ARTAU
632,ARTAW
633,ARTE
634,ARTEU
635,ARTEW
636,ARTL
637,ARTNA
638,ARTW
639,ARVL
640,ARVN
641,ARW
642,ARWR
643,ARYD
644,ARYE
645,ASA
646,ASAI
647,ASAN
648,ASAQ
649,ASAX
650,ASB
651,ASB^E
652,ASB^F
653,ASC
654,ASCA
655,ASCAR
656,ASCAU
657,ASCBU
658,ASG
659,ASGI
660,ASGN
661,ASH
662,ASIX
663,ASLE
664,ASLN
665,ASM
666,ASMB
667,ASML
668,ASND
669,ASNS
670,ASO
671,ASPAW
672,ASPC
673,ASPCU
674,ASPCW
675,ASPN
676,ASPS
677,ASPU
678,ASR
679,ASRT
680,ASRV
681,ASTC
682,ASTE
683,ASTL
684,ASTLW
685,ASTR
686,ASTS
687,ASTSW
688,ASUR
689,ASX
690,ASXC
691,ASYS
692,ASZ
693,ATA
694,ATAI
695,ATAK
696,ATAKR
697,ATAKU
698,ATAKW
699,ATAQ
700,ATAX
701,ATC
702,ATCO
703,ATCO^D
704,ATCO^H
705,ATCO^I
706,ATCOL
707,ATCX
708,ATEC
709,ATEK
710,ATEN
711,ATER
712,ATEX
713,ATGE
714,ATH^A
715,ATH^B
716,ATH^C
717,ATH^D
718,ATHA
719,ATHE
720,ATHM
721,ATHX
722,ATI
723,ATIF
724,ATIP
725,ATKR
726,ATLC
727,ATLCL
728,ATLCP
729,ATLO
730,ATNF
731,ATNFW
732,ATNI
733,ATNM
734,ATNX
735,ATO
736,ATOM
737,ATOS
738,ATR
739,ATRA
740,ATRC
741,ATRI
742,ATRO
743,ATRS
744,ATSG
745,ATTO
746,ATUS
747,ATVC
748,ATVCU
749,ATVCW
750,ATVI
751,ATXI
752,ATXS
753,ATY
754,AU
755,AUB
756,AUBAP
757,AUBN
758,AUD
759,AUDC
760,AUGX
761,AUID
762,AUMN
763,AUPH
764,AUR
765,AURA
766,AURC
767,AURCW
768,AUROW
769,AUS
770,AUST
771,AUTL
772,AUTO
773,AUUD
774,AUUDW
775,AUVI
776,AUVIP
777,AUY
778,AVA
779,AVAC
780,AVACW
781,AVAH
782,AVAL
783,AVAN
784,AVAV
785,AVB
786,AVCO
787,AVCT
788,AVCTW
789,AVD
790,AVDL
791,AVDX
792,AVEO
793,AVGO
794,AVGOP
795,AVGR
796,AVID
797,AVIR
798,AVK
799,AVLR
800,AVNS
801,AVNT
802,AVNW
803,AVO
804,AVPT
805,AVPTW
806,AVRO
807,AVT
808,AVTE
809,AVTR
810,AVTX
811,AVXL
812,AVY
813,AVYA
814,AWF
815,AWH
816,AWI
817,AWK
818,AWP
819,AWR
820,AWRE
821,AWX
822,AX
823,AXAC
824,AXDX
825,AXGN
826,AXH
827,AXL
828,AXLA
829,AXNX
830,AXON
831,AXP
832,AXR
833,AXS
834,AXS^E
835,AXSM
836,AXTA
837,AXTI
838,AXU
839,AY
840,AYI
841,AYLA
842,AYRO
843,AYTU
844,AYX
845,AZ
846,AZEK
847,AZN
848,AZO
849,AZPN
850,AZRE
851,AZTA
852,AZUL
853,AZYO
854,AZZ
855,B
856,BA
857,BABA
858,BAC
859,BAC^B
860,BAC^E
861,BAC^K
862,BAC^L
863,BAC^M
864,BAC^N
865,BAC^O
866,BAC^P
867,BAC^Q
868,BAC^S
869,BACA
870,BAFN
871,BAH
872,BAK
873,BALL
874,BALY
875,BAM
876,BAMH
877,BAMI
878,BAMR
879,BANC
880,BAND
881,BANF
882,BANFP
883,BANR
884,BANX
885,BAOS
886,BAP
887,BARK
888,BASE
889,BATL
890,BATRA
891,BATRK
892,BAX
893,BB
894,BBAI
895,BBAR
896,BBBY
897,BBCP
898,BBD
899,BBDC
900,BBDO
901,BBGI
902,BBI
903,BBIG
904,BBIGV
905,BBIO
906,BBLG
907,BBLGW
908,BBLN
909,BBN
910,BBQ
911,BBSI
912,BBU
913,BBUC
914,BBVA
915,BBW
916,BBWI
917,BBY
918,BC
919,BC^A
920,BC^B
921,BC^C
922,BCAB
923,BCAC
924,BCACU
925,BCACW
926,BCAT
927,BCBP
928,BCC
929,BCDA
930,BCDAW
931,BCE
932,BCEL
933,BCH
934,BCLI
935,BCML
936,BCO
937,BCOR
938,BCOV
939,BCOW
940,BCPC
941,BCRX
942,BCS
943,BCSA
944,BCSAU
945,BCSAW
946,BCSF
947,BCTX
948,BCTXW
949,BCV
950,BCV^A
951,BCX
952,BCYC
953,BDC
954,BDJ
955,BDL
956,BDN
957,BDR
958,BDSX
959,BDTX
960,BDX
961,BDXB
962,BE
963,BEAM
964,BEAT
965,BEATW
966,BECN
967,BEDU
968,BEEM
969,BEEMW
970,BEKE
971,BELFA
972,BELFB
973,BEN
974,BENE
975,BENER
976,BENEU
977,BENEW
978,BEP
979,BEP^A
980,BEPC
981,BEPH
982,BEPI
983,BERY
984,BEST
985,BF/A
986,BF/B
987,BFAC
988,BFAM
989,BFC
990,BFH
991,BFI
992,BFIIW
993,BFIN
994,BFK
995,BFLY
996,BFRI
997,BFRIW
998,BFS
999,BFS^D
1000,BFS^E
1001,BFST
1002,BFZ
1003,BG
1004,BGB
1005,BGCP
1006,BGFV
1007,BGH
1008,BGI
1009,BGNE
1010,BGR
1011,BGRY
1012,BGRYW
1013,BGS
1014,BGSF
1015,BGSX
1016,BGT
1017,BGX
1018,BGXX
1019,BGY
1020,BH
1021,BHAC
1022,BHACU
1023,BHACW
1024,BHAT
1025,BHB
1026,BHC
1027,BHE
1028,BHF
1029,BHFAL
1030,BHFAM
1031,BHFAN
1032,BHFAO
1033,BHFAP
1034,BHG
1035,BHIL
1036,BHK
1037,BHLB
1038,BHP
1039,BHR
1040,BHR^B
1041,BHR^D
1042,BHSE
1043,BHSEU
1044,BHSEW
1045,BHV
1046,BHVN
1047,BIDU
1048,BIG
1049,BIGC
1050,BIGZ
1051,BIIB
1052,BILI
1053,BILL
1054,BIMI
1055,BIO
1056,BIO/B
1057,BIOC
1058,BIOL
1059,BIOR
1060,BIOS
1061,BIOSU
1062,BIOSW
1063,BIOT
1064,BIOTU
1065,BIOTW
1066,BIOX
1067,BIP
1068,BIP^A
1069,BIP^B
1070,BIPC
1071,BIPH
1072,BIPI
1073,BIRD
1074,BIT
1075,BITE
1076,BITF
1077,BIVI
1078,BJ
1079,BJDX
1080,BJRI
1081,BK
1082,BKCC
1083,BKD
1084,BKE
1085,BKEP
1086,BKEPP
1087,BKH
1088,BKI
1089,BKKT
1090,BKN
1091,BKNG
1092,BKR
1093,BKSC
1094,BKSY
1095,BKT
1096,BKTI
1097,BKU
1098,BKYI
1099,BL
1100,BLBD
1101,BLBX
1102,BLCM
1103,BLCO
1104,BLCT
1105,BLD
1106,BLDE
1107,BLDEW
1108,BLDP
1109,BLDR
1110,BLE
1111,BLEU
1112,BLEUR
1113,BLEUU
1114,BLEUW
1115,BLFS
1116,BLFY
1117,BLI
1118,BLIN
1119,BLK
1120,BLKB
1121,BLMN
1122,BLND
1123,BLNGW
1124,BLNK
1125,BLNKW
1126,BLPH
1127,BLRX
1128,BLSA
1129,BLTE
1130,BLTS
1131,BLTSU
1132,BLTSW
1133,BLU
1134,BLUA
1135,BLUE
1136,BLW
1137,BLX
1138,BLZE
1139,BMA
1140,BMAC
1141,BMAQ
1142,BMAQU
1143,BMAQW
1144,BMBL
1145,BME
1146,BMEA
1147,BMEZ
1148,BMI
1149,BML^G
1150,BML^H
1151,BML^J
1152,BML^L
1153,BMO
1154,BMRA
1155,BMRC
1156,BMRN
1157,BMTX
1158,BMY
1159,BNED
1160,BNFT
1161,BNGO
1162,BNGOW
1163,BNIX
1164,BNIXR
1165,BNIXW
1166,BNL
1167,BNNR
1168,BNNRU
1169,BNOX
1170,BNR
1171,BNS
1172,BNSO
1173,BNTC
1174,BNTX
1175,BNY
1176,BOAC
1177,BOAS
1178,BOC
1179,BOCN
1180,BOCNW
1181,BODY
1182,BOE
1183,BOH
1184,BOH^A
1185,BOKF
1186,BOLT
1187,BON
1188,BOOM
1189,BOOT
1190,BORR
1191,BOSC
1192,BOTJ
1193,BOWL
1194,BOX
1195,BOXD
1196,BOXL
1197,BP
1198,BPAC
1199,BPACU
1200,BPACW
1201,BPMC
1202,BPOP
1203,BPOPM
1204,BPRN
1205,BPT
1206,BPTH
1207,BPTS
1208,BPYPM
1209,BPYPN
1210,BPYPO
1211,BPYPP
1212,BQ
1213,BR
1214,BRAC
1215,BRACR
1216,BRAG
1217,BRBR
1218,BRBS
1219,BRC
1220,BRCC
1221,BRCN
1222,BRD
1223,BRDG
1224,BRDS
1225,BREZ
1226,BREZR
1227,BREZW
1228,BRFH
1229,BRFS
1230,BRG
1231,BRG^C
1232,BRG^D
1233,BRID
1234,BRIV
1235,BRIVU
1236,BRIVW
1237,BRK/A
1238,BRK/B
1239,BRKH
1240,BRKHU
1241,BRKHW
1242,BRKL
1243,BRKR
1244,BRLI
1245,BRLIR
1246,BRLIW
1247,BRLT
1248,BRMK
1249,BRN
1250,BRO
1251,BROG
1252,BROGW
1253,BROS
1254,BRP
1255,BRPM
1256,BRPMU
1257,BRPMW
1258,BRQS
1259,BRSP
1260,BRT
1261,BRTX
1262,BRW
1263,BRX
1264,BRY
1265,BRZE
1266,BSAC
1267,BSAQ
1268,BSBK
1269,BSBR
1270,BSET
1271,BSFC
1272,BSGA
1273,BSGAR
1274,BSGM
1275,BSIG
1276,BSKY
1277,BSKYU
1278,BSKYW
1279,BSL
1280,BSM
1281,BSMX
1282,BSQR
1283,BSRR
1284,BST
1285,BSTZ
1286,BSVN
1287,BSX
1288,BSX^A
1289,BSY
1290,BTA
1291,BTAI
1292,BTB
1293,BTBD
1294,BTBDW
1295,BTBT
1296,BTCM
1297,BTCS
1298,BTCY
1299,BTG
1300,BTI
1301,BTN
1302,BTO
1303,BTOG
1304,BTRS
1305,BTT
1306,BTTR
1307,BTTX
1308,BTU
1309,BTWN
1310,BTWNU
1311,BTWNW
1312,BTX
1313,BTZ
1314,BUD
1315,BUI
1316,BUR
1317,BURL
1318,BUSE
1319,BV
1320,BVH
1321,BVN
1322,BVS
1323,BVXV
1324,BW
1325,BW^A
1326,BWA
1327,BWAC
1328,BWACU
1329,BWACW
1330,BWAQ
1331,BWAQR
1332,BWAQU
1333,BWAQW
1334,BWAY
1335,BWB
1336,BWBBP
1337,BWC
1338,BWCAU
1339,BWCAW
1340,BWEN
1341,BWFG
1342,BWG
1343,BWMN
1344,BWMX
1345,BWNB
1346,BWSN
1347,BWV
1348,BWXT
1349,BX
1350,BXC
1351,BXMT
1352,BXMX
1353,BXP
1354,BXRX
1355,BXSL
1356,BY
1357,BYD
1358,BYFC
1359,BYM
1360,BYN
1361,BYND
1362,BYNO
1363,BYNOU
1364,BYRN
1365,BYSI
1366,BYTS
1367,BYTSW
1368,BZ
1369,BZFD
1370,BZFDW
1371,BZH
1372,BZUN
1373,C
1374,C^J
1375,C^K
1376,C^N
1377,CAAP
1378,CAAS
1379,CABA
1380,CABO
1381,CAC
1382,CACC
1383,CACI
1384,CADE
1385,CADE^A
1386,CADL
1387,CAE
1388,CAF
1389,CAG
1390,CAH
1391,CAJ
1392,CAKE
1393,CAL
1394,CALA
1395,CALB
1396,CALM
1397,CALT
1398,CALX
1399,CAMP
1400,CAMT
1401,CAN
1402,CANF
1403,CANG
1404,CANO
1405,CAPL
1406,CAPR
1407,CAR
1408,CARA
1409,CARE
1410,CARG
1411,CARR
1412,CARS
1413,CARV
1414,CAS
1415,CASA
1416,CASH
1417,CASI
1418,CASS
1419,CASY
1420,CAT
1421,CATC
1422,CATO
1423,CATY
1424,CB
1425,CBAN
1426,CBAT
1427,CBAY
1428,CBD
1429,CBFV
1430,CBH
1431,CBIO
1432,CBL
1433,CBNK
1434,CBOE
1435,CBRE
1436,CBRG
1437,CBRGW
1438,CBRL
1439,CBSH
1440,CBT
1441,CBTX
1442,CBU
1443,CBZ
1444,CC
1445,CCAIU
1446,CCAIW
1447,CCAP
1448,CCB
1449,CCBG
1450,CCCC
1451,CCCS
1452,CCD
1453,CCEL
1454,CCEP
1455,CCF
1456,CCI
1457,CCJ
1458,CCK
1459,CCL
1460,CCLP
1461,CCM
1462,CCMP
1463,CCNC
1464,CCNE
1465,CCNEP
1466,CCO
1467,CCOI
1468,CCRD
1469,CCRN
1470,CCS
1471,CCSI
1472,CCTS
1473,CCTSU
1474,CCTSW
1475,CCU
1476,CCV
1477,CCVI
1478,CCXI
1479,CCZ
1480,CD
1481,CDAK
1482,CDAQ
1483,CDAQW
1484,CDAY
1485,CDE
1486,CDEV
1487,CDK
1488,CDLX
1489,CDMO
1490,CDNA
1491,CDNS
1492,CDR
1493,CDR^B
1494,CDR^C
1495,CDRE
1496,CDRO
1497,CDROW
1498,CDTX
1499,CDW
1500,CDXC
1501,CDXS
1502,CDZI
1503,CDZIP
1504,CE
1505,CEA
1506,CEAD
1507,CEADW
1508,CECE
1509,CEE
1510,CEG
1511,CEI
1512,CEIX
1513,CELC
1514,CELH
1515,CELU
1516,CELUW
1517,CELZ
1518,CEM
1519,CEMI
1520,CEN
1521,CENN
1522,CENQ
1523,CENQU
1524,CENQW
1525,CENT
1526,CENTA
1527,CENX
1528,CEPU
1529,CEQP
1530,CEQP^
1531,CERE
1532,CERN
1533,CERS
1534,CERT
1535,CET
1536,CETX
1537,CETXP
1538,CEV
1539,CEVA
1540,CF
1541,CFB
1542,CFBK
1543,CFFE
1544,CFFEU
1545,CFFEW
1546,CFFI
1547,CFFN
1548,CFFSW
1549,CFG
1550,CFG^D
1551,CFG^E
1552,CFIV
1553,CFIVU
1554,CFIVW
1555,CFLT
1556,CFMS
1557,CFR
1558,CFR^B
1559,CFRX
1560,CFSB
1561,CFVI
1562,CFVIU
1563,CFVIW
1564,CG
1565,CGA
1566,CGABL
1567,CGAU
1568,CGBD
1569,CGC
1570,CGEM
1571,CGEN
1572,CGNT
1573,CGNX
1574,CGO
1575,CGRN
1576,CGTX
1577,CHAA
1578,CHCI
1579,CHCO
1580,CHCT
1581,CHD
1582,CHDN
1583,CHE
1584,CHEAU
1585,CHEF
1586,CHEK
1587,CHEKZ
1588,CHGG
1589,CHH
1590,CHI
1591,CHK
1592,CHKEL
1593,CHKEW
1594,CHKEZ
1595,CHKP
1596,CHMG
1597,CHMI
1598,CHMI^A
1599,CHMI^B
1600,CHN
1601,CHNG
1602,CHNGU
1603,CHNR
1604,CHPT
1605,CHRA
1606,CHRB
1607,CHRS
1608,CHRW
1609,CHS
1610,CHSCL
1611,CHSCM
1612,CHSCN
1613,CHSCO
1614,CHSCP
1615,CHT
1616,CHTR
1617,CHUY
1618,CHW
1619,CHWA
1620,CHWAW
1621,CHWY
1622,CHX
1623,CHY
1624,CI
1625,CIA
1626,CIB
1627,CIDM
1628,CIEN
1629,CIF
1630,CIFR
1631,CIFRW
1632,CIG
1633,CIGI
1634,CIH
1635,CII
1636,CIIG
1637,CIIGU
1638,CIIGW
1639,CIK
1640,CIM
1641,CIM^A
1642,CIM^B
1643,CIM^C
1644,CIM^D
1645,CINC
1646,CINF
1647,CING
1648,CINGW
1649,CINT
1650,CIO
1651,CIO^A
1652,CION
1653,CIR
1654,CISO
1655,CITE
1656,CITEU
1657,CITEW
1658,CIVB
1659,CIVI
1660,CIX
1661,CIXX
1662,CIZN
1663,CJJD
1664,CKPT
1665,CKX
1666,CL
1667,CLAA
1668,CLAQ
1669,CLAQU
1670,CLAQW
1671,CLAR
1672,CLAS
1673,CLAY
1674,CLAYU
1675,CLAYW
1676,CLB
1677,CLBK
1678,CLBR
1679,CLBS
1680,CLBT
1681,CLBTW
1682,CLDT
1683,CLDT^A
